[32m[I 210607 12:04:06 estrattore_di_dati_non_presi:91][39m ,ID_Photo,PhotoType,MagnetometerValue,Date_Time,Latitude,Longitude,Position
[32m[I 210607 12:04:24 estrattore_di_dati_non_presi:284][39m , 1, high_clouds, z= 12396.3 y= 2036.4 x= 35993.4, 210419|02:50:29, 15.860097, 37.683120, lat: 15.54798-lon: 37.88291-city-name: Ak'ordat
[32m[I 210607 12:04:26 estrattore_di_dati_non_presi:284][39m , 2, other, z= 15676 y= 2032.2 x= 35774.7, 210419|02:51:08, 17.777932, 39.225431, lat: 18.4254-lon: 37.729-city-name: Tokar
[32m[I 210607 12:04:28 estrattore_di_dati_non_presi:284][39m , 3, high_clouds, z= 18681.1 y= 2013.8 x= 35411.9, 210419|02:51:45, 19.583551, 40.722766, lat: 20.1588-lon: 41.28337-city-name: Al Mindak
[32m[I 210607 12:04:30 estrattore_di_dati_non_presi:284][39m , 4, high_clouds, z= 21637.7 y= 1987 x= 34903.5, 210419|02:52:23, 21.421975, 42.299560, lat: 21.21406-lon: 41.6331-city-name: Turabah
[32m[I 210607 12:04:32 estrattore_di_dati_non_presi:284][39m , 5, high_clouds, z= 24375.5 y= 1960.5 x= 34298.1, 210419|02:53:00, 23.194452, 43.877251, lat: 23.9065-lon: 42.91724-city-name: `Afif
[32m[I 210607 12:04:34 estrattore_di_dati_non_presi:284][39m , 6, other, z= 33519.2 y= 1963.9 x= 31353, 210419|02:55:22, 29.795724, 50.405772, lat: 29.5791-lon: 50.517-city-name: Bandar-e Ganaveh
[32m[I 210607 12:04:36 estrattore_di_dati_non_presi:284][39m , 7, high_clouds, z= 35569.6 y= 2011.5 x= 30511.4, 210419|02:55:59, 31.451382, 52.254178, lat: 31.1608-lon: 52.6506-city-name: Abadeh
[32m[I 210607 12:04:37 estrattore_di_dati_non_presi:284][39m , 8, other, z= 37505 y= 2080.3 x= 29666.7, 210419|02:56:36, 33.074740, 54.174089, lat: 32.31001-lon: 54.01747-city-name: Ardakan
[32m[I 210607 12:04:40 estrattore_di_dati_non_presi:284][39m , 9, other, z= 39436.5 y= 2172.6 x= 28782.5, 210419|02:57:15, 34.747177, 56.281544, lat: 33.59586-lon: 56.92437-city-name: Tabas
[32m[I 210607 12:04:42 estrattore_di_dati_non_presi:284][39m , 10, other, z= 41134.8 y= 2270.5 x= 27977.5, 210419|02:57:51, 36.252110, 58.309045, lat: 36.28579-lon: 58.58606-city-name: Firuzeh
[32m[I 210607 12:04:44 estrattore_di_dati_non_presi:284][39m , 11, high_clouds, z= 42896.6 y= 2381.9 x= 27120.6, 210419|02:58:30, 37.836007, 60.601017, lat: 37.38338-lon: 60.50545-city-name: Tejen
[32m[I 210607 12:04:46 estrattore_di_dati_non_presi:284][39m , 12, high_clouds, z= 44546.1 y= 2485.5 x= 26302, 210419|02:59:08, 39.328144, 62.936170, lat: 39.4816-lon: 62.91374-city-name: Seydi
[32m[I 210607 12:04:48 estrattore_di_dati_non_presi:284][39m , 13, high_clouds, z= 46095 y= 2569.9 x= 25520, 210419|02:59:45, 40.727663, 65.312461, lat: 40.56762-lon: 65.67947-city-name: Nurota Shahri
[32m[I 210607 12:04:50 estrattore_di_dati_non_presi:284][39m , 14, low_clouds, z= 47668.8 y= 2627.8 x= 24711.4, 210419|03:00:24, 42.140290, 67.932679, lat: 42.83333-lon: 68.31667-city-name: Bayaldyr
[32m[I 210607 12:04:52 estrattore_di_dati_non_presi:284][39m , 15, high_clouds, z= 49103.7 y= 2640 x= 23959.1, 210419|03:01:01, 43.415537, 70.533000, lat: 43.16667-lon: 70.46667-city-name: Karatau
[32m[I 210607 12:04:54 estrattore_di_dati_non_presi:284][39m , 16, high_clouds, z= 50475.1 y= 2598.2 x= 23223.1, 210419|03:01:38, 44.621783, 73.248697, lat: 44.28461-lon: 72.9392-city-name: Moyynkum
[32m[I 210607 12:04:56 estrattore_di_dati_non_presi:284][39m , 17, high_clouds, z= 51806.4 y= 2487.3 x= 22488.1, 210419|03:02:16, 45.782543, 76.160687, lat: 46.53333-lon: 76.2-city-name: Karabas
[32m[I 210607 12:04:58 estrattore_di_dati_non_presi:284][39m , 18, other, z= 52981.8 y= 2309.7 x= 21817.7, 210419|03:02:52, 46.803205, 79.035432, lat: 46.235-lon: 78.94556-city-name: Lepsy
[32m[I 210607 12:05:00 estrattore_di_dati_non_presi:284][39m , 19, high_clouds, z= 54142.8 y= 2030.3 x= 21130.3, 210419|03:03:31, 47.815306, 82.276349, lat: 48.75-lon: 82.4-city-name: Kokpekty
[32m[I 210607 12:05:01 estrattore_di_dati_non_presi:284][39m , 20, other, z= 55141.6 y= 1667.7 x= 20512.7, 210419|03:04:09, 48.700895, 85.557606, lat: 47.49969-lon: 85.61828-city-name: Jeminay
[32m[I 210607 12:05:03 estrattore_di_dati_non_presi:284][39m , 21, other, z= 55969.1 y= 1229.9 x= 19976.4, 210419|03:04:46, 49.461334, 88.863842, lat: 49.71573-lon: 89.19425-city-name: Tashanta
[32m[I 210607 12:05:05 estrattore_di_dati_non_presi:284][39m , 22, high_clouds, z= 56650.2 y= 699.3 x= 19509.5, 210419|03:05:24, 50.131434, 92.364894, lat: 49.98111-lon: 92.06667-city-name: Ulaangom
[32m[I 210607 12:05:06 estrattore_di_dati_non_presi:284][39m , 23, high_clouds, z= 57142.6 y= 98 x= 19145.5, 210419|03:06:02, 50.683306, 95.960654, lat: 51-lon: 95.2-city-name: Balgazyn
[32m[I 210607 12:05:08 estrattore_di_dati_non_presi:284][39m , 24, high_clouds, z= 57430.7 y= -557.1 x= 18901.2, 210419|03:06:40, 51.111774, 99.635719, lat: 51.10719-lon: 99.67226-city-name: Dzoolon
[32m[I 210607 12:05:10 estrattore_di_dati_non_presi:284][39m , 25, high_clouds, z= 57503.2 y= -1244.9 x= 18790.3, 210419|03:07:18, 51.412623, 103.371812, lat: 51.65944-lon: 103.70611-city-name: Slyudyanka
[32m[I 210607 12:05:11 estrattore_di_dati_non_presi:284][39m , 26, high_clouds, z= 57360 y= -1922.1 x= 18819.1, 210419|03:07:55, 51.579990, 107.048564, lat: 51.74919-lon: 107.28374-city-name: Ivolginsk
[32m[I 210607 12:05:13 estrattore_di_dati_non_presi:284][39m , 27, high_clouds, z= 56978.7 y= -2616.4 x= 18998.9, 210419|03:08:34, 51.620452, 110.942810, lat: 51.36777-lon: 110.46804-city-name: Khilok
[32m[I 210607 12:05:15 estrattore_di_dati_non_presi:284][39m , 28, low_clouds, z= 56382.9 y= -3246.4 x= 19317.8, 210419|03:09:12, 51.525246, 114.732370, lat: 51.28333-lon: 114.91667-city-name: Mogoytuy
[32m[I 210607 12:05:17 estrattore_di_dati_non_presi:284][39m , 29, high_clouds, z= 55597.5 y= -3791.4 x= 19754.7, 210419|03:09:49, 51.305809, 118.395674, lat: 51.55352-lon: 118.3446-city-name: Gazimurskiy Zavod
[32m[I 210607 12:05:18 estrattore_di_dati_non_presi:284][39m , 30, other, z= 54563.1 y= -4270.7 x= 20333, 210419|03:10:28, 50.941542, 122.206373, lat: 50.63883-lon: 122.4972-city-name: Keyihe
[32m[I 210607 12:05:20 estrattore_di_dati_non_presi:284][39m , 31, high_clouds, z= 53299.5 y= -4642.4 x= 21027.3, 210419|03:11:08, 50.430179, 126.038888, lat: 50.13523-lon: 126.1932-city-name: Handaqi
[32m[I 210607 12:05:21 estrattore_di_dati_non_presi:284][39m , 32, other, z= 52004.6 y= -4862.8 x= 21715.6, 210419|03:11:44, 49.855129, 129.406144, lat: 49.78998-lon: 129.40992-city-name: Raychikhinsk
[32m[I 210607 12:05:23 estrattore_di_dati_non_presi:284][39m , 33, other, z= 50454 y= -4975.1 x= 22501.5, 210419|03:12:23, 49.115054, 132.951995, lat: 48.79284-lon: 132.92386-city-name: Birobidzhan
[32m[I 210607 12:05:25 estrattore_di_dati_non_presi:284][39m , 34, low_clouds, z= 48906.2 y= -4962.9 x= 23239.7, 210419|03:12:59, 48.329432, 136.121108, lat: 48.19672-lon: 136.12691-city-name: Mukhen
[32m[I 210607 12:05:26 estrattore_di_dati_non_presi:284][39m , 35, other, z= 47219 y= -4839.6 x= 23987.8, 210419|03:13:36, 47.425521, 139.267147, lat: 46.54217-lon: 138.32973-city-name: Svetlaya
[32m[I 210607 12:05:27 estrattore_di_dati_non_presi:284][39m , 36, low_clouds, z= 45405.5 y= -4605.4 x= 24723.4, 210419|03:14:14, 46.401956, 142.376386, lat: 46.71492-lon: 142.52866-city-name: Aniva
[32m[I 210607 12:05:29 estrattore_di_dati_non_presi:284][39m , 37, other, z= 43581.7 y= -4284.1 x= 25390, 210419|03:14:51, 45.319097, 145.283151, lat: 44.06832-lon: 145.86454-city-name: Otrada
[32m[I 210607 12:05:31 estrattore_di_dati_non_presi:284][39m , 38, low_clouds, z= 41669.5 y= -3871.7 x= 26009.4, 210419|03:15:29, 44.125061, 148.144645, lat: 45.22686-lon: 147.87767-city-name: Kuril'sk
[32m[I 210607 12:05:34 estrattore_di_dati_non_presi:284][39m , 39, low_clouds, z= 39686.7 y= -3376.2 x= 26565.7, 210419|03:16:08, 42.820163, 150.953068, lat: 45.22686-lon: 147.87767-city-name: Kuril'sk
[32m[I 210607 12:05:36 estrattore_di_dati_non_presi:284][39m , 40, low_clouds, z= 37805.2 y= -2852.4 x= 27013.7, 210419|03:16:45, 41.513961, 153.500633, lat: 45.22686-lon: 147.87767-city-name: Kuril'sk
[32m[I 210607 12:05:38 estrattore_di_dati_non_presi:284][39m , 41, low_clouds, z= 35840.2 y= -2257.6 x= 27400.7, 210419|03:17:24, 40.071449, 156.067541, lat: 45.22686-lon: 147.87767-city-name: Kuril'sk
[32m[I 210607 12:05:39 estrattore_di_dati_non_presi:284][39m , 42, high_clouds, z= 34009.2 y= -1665.4 x= 27689.7, 210419|03:18:01, 38.646009, 158.395761, lat: 50.67531-lon: 156.12695-city-name: Severo-Kuril'sk
[32m[I 210607 12:05:41 estrattore_di_dati_non_presi:284][39m , 43, high_clouds, z= 32224.2 y= -1057.1 x= 27908.9, 210419|03:18:38, 37.170091, 160.625340, lat: 50.67531-lon: 156.12695-city-name: Severo-Kuril'sk
[32m[I 210607 12:05:43 estrattore_di_dati_non_presi:284][39m , 44, high_clouds, z= 30404.6 y= -410.2 x= 28074.4, 210419|03:19:17, 35.564710, 162.875041, lat: 50.67531-lon: 156.12695-city-name: Severo-Kuril'sk
[32m[I 210607 12:05:45 estrattore_di_dati_non_presi:284][39m , 45, other, z= 28746 y= 198.9 x= 28181, 210419|03:19:54, 33.998858, 164.920313, lat: 50.67531-lon: 156.12695-city-name: Severo-Kuril'sk
[32m[I 210607 12:05:46 estrattore_di_dati_non_presi:284][39m , 46, high_clouds, z= 27074.5 y= 825.5 x= 28255.2, 210419|03:20:33, 32.307546, 166.988904, lat: 11.16351-lon: 166.89408-city-name: Rongelap
[32m[I 210607 12:05:48 estrattore_di_dati_non_presi:284][39m , 47, other, z= 25523.2 y= 1411.6 x= 28305.4, 210419|03:21:11, 30.623160, 168.924744, lat: 11.22778-lon: 169.84739-city-name: Utrik
[32m[I 210607 12:05:50 estrattore_di_dati_non_presi:284][39m , 48, high_clouds, z= 24045.1 y= 1965.1 x= 28349.6, 210419|03:21:49, 28.906334, 170.788129, lat: 11.22778-lon: 169.84739-city-name: Utrik
[32m[I 210607 12:05:54 estrattore_di_dati_non_presi:284][39m , 49, other, z= 22560.3 y= 2504.4 x= 28406.5, 210419|03:22:29, 27.067625, 172.677865, lat: 11.22778-lon: 169.84739-city-name: Utrik
[32m[I 210607 12:05:56 estrattore_di_dati_non_presi:284][39m , 50, high_clouds, z= 21204.8 y= 2969.4 x= 28484.7, 210419|03:23:07, 25.293973, 174.410930, lat: 11.22778-lon: 169.84739-city-name: Utrik
[32m[I 210607 12:05:58 estrattore_di_dati_non_presi:284][39m , 51, high_clouds, z= 19921.5 y= 3373.8 x= 28594.6, 210419|03:23:44, 23.544454, 176.045462, lat: 11.22778-lon: 169.84739-city-name: Utrik
[32m[I 210607 12:05:59 estrattore_di_dati_non_presi:284][39m , 52, high_clouds, z= 18589.1 y= 3746.1 x= 28755.5, 210419|03:24:23, 21.678848, 177.717178, lat: 11.22778-lon: 169.84739-city-name: Utrik
[32m[I 210607 12:06:01 estrattore_di_dati_non_presi:284][39m , 53, low_clouds, z= 17324.4 y= 4047.9 x= 28955.7, 210419|03:25:00, 19.890725, 179.259408, lat: 10.27531-lon: 170.86461-city-name: Mejit
[32m[I 210607 12:06:02 estrattore_di_dati_non_presi:284][39m , 54, low_clouds, z= 16039.1 y= 4301.3 x= 29203.7, 210419|03:25:37, 18.086903, -179.236540, lat: 21.96686-lon: -159.71186-city-name: Kekaha
[32m[I 210607 12:06:07 estrattore_di_dati_non_presi:284][39m , 55, low_clouds, z= 14641 y= 4520 x= 29514.3, 210419|03:26:16, 16.170613, -177.687890, lat: 21.96686-lon: -159.71186-city-name: Kekaha
[32m[I 210607 12:06:09 estrattore_di_dati_non_presi:284][39m , 56, low_clouds, z= 13216.3 y= 4691.2 x= 29859, 210419|03:26:54, 14.290575, -176.210848, lat: 21.96686-lon: -159.71186-city-name: Kekaha
[32m[I 210607 12:06:11 estrattore_di_dati_non_presi:284][39m , 57, high_clouds, z= 11713.6 y= 4827.8 x= 30235.2, 210419|03:27:32, 12.399596, -174.761086, lat: 3.90806-lon: -159.38832-city-name: Napari Village
[32m[I 210607 12:06:13 estrattore_di_dati_non_presi:284][39m , 58, high_clouds, z= 10034 y= 4943.3 x= 30650.9, 210419|03:28:12, 10.399093, -173.260166, lat: 3.90806-lon: -159.38832-city-name: Napari Village
[32m[I 210607 12:06:14 estrattore_di_dati_non_presi:284][39m , 59, high_clouds, z= 8337.5 y= 5034.5 x= 31048.3, 210419|03:28:50, 8.490764, -171.854171, lat: 3.90806-lon: -159.38832-city-name: Napari Village
[32m[I 210607 12:06:16 estrattore_di_dati_non_presi:284][39m , 60, other, z= 6491.6 y= 5118.3 x= 31440.8, 210419|03:29:29, 6.525875, -170.427372, lat: 3.90806-lon: -159.38832-city-name: Napari Village
[32m[I 210607 12:06:18 estrattore_di_dati_non_presi:284][39m , 61, other, z= 4543.1 y= 5200.2 x= 31799, 210419|03:30:08, 4.556122, -169.013099, lat: 3.90806-lon: -159.38832-city-name: Napari Village
[32m[I 210607 12:06:19 estrattore_di_dati_non_presi:284][39m , 62, high_clouds, z= 2608 y= 5282.5 x= 32090.7, 210419|03:30:45, 2.684277, -167.679464, lat: 3.90806-lon: -159.38832-city-name: Napari Village
[32m[I 210607 12:06:21 estrattore_di_dati_non_presi:284][39m , 63, high_clouds, z= 546.3 y= 5376.9 x= 32326.3, 210419|03:31:23, 0.760064, -166.314587, lat: 3.90806-lon: -159.38832-city-name: Napari Village
[32m[I 210607 12:06:23 estrattore_di_dati_non_presi:284][39m , 64, high_clouds, z= -1517.3 y= 5481.9 x= 32481.5, 210419|03:32:00, -1.113949, -164.987031, lat: 3.90806-lon: -159.38832-city-name: Napari Village
[32m[I 210607 12:06:24 estrattore_di_dati_non_presi:284][39m , 65, low_clouds, z= -3617.3 y= 5602.1 x= 32554.4, 210419|03:32:37, -2.987119, -163.657671, lat: 1.98487-lon: -157.47502-city-name: London Village
[32m[I 210607 12:06:26 estrattore_di_dati_non_presi:284][39m , 66, low_clouds, z= -5847.7 y= 5746 x= 32536.2, 210419|03:33:16, -4.959233, -162.250966, lat: 1.98487-lon: -157.47502-city-name: London Village
[32m[I 210607 12:06:28 estrattore_di_dati_non_presi:284][39m , 67, low_clouds, z= -8014.5 y= 5902.7 x= 32422.4, 210419|03:33:54, -6.877094, -160.871405, lat: 1.98487-lon: -157.47502-city-name: London Village
[32m[I 210607 12:06:29 estrattore_di_dati_non_presi:284][39m , 68, low_clouds, z= -10208.2 y= 6078.6 x= 32209, 210419|03:34:33, -8.840141, -159.442611, lat: -16.48679-lon: -151.74102-city-name: Faanui
[32m[I 210607 12:06:31 estrattore_di_dati_non_presi:284][39m , 69, low_clouds, z= -12349.7 y= 6267.3 x= 31903.4, 210419|03:35:12, -10.796270, -157.996865, lat: -16.48679-lon: -151.74102-city-name: Faanui
[32m[I 210607 12:06:32 estrattore_di_dati_non_presi:284][39m , 70, low_clouds, z= -14367.7 y= 6459.9 x= 31525.7, 210419|03:35:50, -12.694025, -156.568044, lat: -16.48679-lon: -151.74102-city-name: Faanui
[32m[I 210607 12:06:35 estrattore_di_dati_non_presi:284][39m , 71, low_clouds, z= -16353.4 y= 6663 x= 31067.3, 210419|03:36:29, -14.631614, -155.076891, lat: -16.48679-lon: -151.74102-city-name: Faanui
[32m[I 210607 12:06:37 estrattore_di_dati_non_presi:284][39m , 72, high_clouds, z= -18194.3 y= 6862.3 x= 30563.7, 210419|03:37:07, -16.507970, -153.595805, lat: -16.50741-lon: -151.74913-city-name: Vaitape
[32m[I 210607 12:06:38 estrattore_di_dati_non_presi:284][39m , 73, high_clouds, z= -19935.6 y= 7059.5 x= 30016.5, 210419|03:37:45, -18.371144, -152.082741, lat: -16.78333-lon: -151.5-city-name: Tevaitoa
[32m[I 210607 12:06:40 estrattore_di_dati_non_presi:284][39m , 74, high_clouds, z= -21574.1 y= 7251.8 x= 29437.7, 210419|03:38:23, -20.219262, -150.533380, lat: -22.45133-lon: -151.34191-city-name: Moerai
[32m[I 210607 12:06:42 estrattore_di_dati_non_presi:284][39m , 75, high_clouds, z= -23109.7 y= 7436.8 x= 28837.9, 210419|03:39:01, -22.050320, -148.943162, lat: -22.45133-lon: -151.34191-city-name: Moerai
[32m[I 210607 12:06:44 estrattore_di_dati_non_presi:284][39m , 76, low_clouds, z= -24507.7 y= 7608.6 x= 28242.6, 210419|03:39:38, -23.814747, -147.351045, lat: -22.45133-lon: -151.34191-city-name: Moerai
[32m[I 210607 12:06:45 estrattore_di_dati_non_presi:284][39m , 77, low_clouds, z= -25915 y= 7784.9 x= 27594.2, 210419|03:40:18, -25.699265, -145.575893, lat: -22.45133-lon: -151.34191-city-name: Moerai
[32m[I 210607 12:06:48 estrattore_di_dati_non_presi:284][39m , 78, low_clouds, z= -27124.1 y= 7940 x= 26995.1, 210419|03:40:55, -27.418719, -143.878836, lat: -22.45133-lon: -151.34191-city-name: Moerai
[32m[I 210607 12:06:51 estrattore_di_dati_non_presi:284][39m , 79, low_clouds, z= -28305.7 y= 8097.5 x= 26367.8, 210419|03:41:34, -29.203587, -142.027063, lat: -23.12028-lon: -134.96917-city-name: Rikitea
[32m[I 210607 12:06:52 estrattore_di_dati_non_presi:284][39m , 80, low_clouds, z= -29394 y= 8252.3 x= 25746.8, 210419|03:42:13, -30.957047, -140.104556, lat: -23.12028-lon: -134.96917-city-name: Rikitea
[32m[I 210607 12:06:54 estrattore_di_dati_non_presi:284][39m , 81, high_clouds, z= -30340.1 y= 8400.5 x= 25164.5, 210419|03:42:50, -32.588386, -138.209411, lat: -23.12028-lon: -134.96917-city-name: Rikitea
[32m[I 210607 12:06:55 estrattore_di_dati_non_presi:284][39m , 82, low_clouds, z= -31243.6 y= 8562.7 x= 24558.4, 210419|03:43:29, -34.270320, -136.130356, lat: -25.06597-lon: -130.10147-city-name: Adamstown
[32m[I 210607 12:06:57 estrattore_di_dati_non_presi:284][39m , 83, low_clouds, z= -32045.2 y= 8735.8 x= 23961.7, 210419|03:44:08, -35.909607, -133.961019, lat: -25.06597-lon: -130.10147-city-name: Adamstown
[32m[I 210607 12:06:59 estrattore_di_dati_non_presi:284][39m , 84, high_clouds, z= -32687.1 y= 8908.4 x= 23421.1, 210419|03:44:44, -37.381045, -131.872429, lat: -25.06597-lon: -130.10147-city-name: Adamstown
[32m[I 210607 12:07:01 estrattore_di_dati_non_presi:284][39m , 85, high_clouds, z= -33266.1 y= 9111.4 x= 22850.3, 210419|03:45:23, -38.925286, -129.510072, lat: -25.06597-lon: -130.10147-city-name: Adamstown
[32m[I 210607 12:07:03 estrattore_di_dati_non_presi:284][39m , 86, high_clouds, z= -33692.4 y= 9318.9 x= 22328.5, 210419|03:46:00, -40.337765, -127.167085, lat: -25.06597-lon: -130.10147-city-name: Adamstown
[32m[I 210607 12:07:05 estrattore_di_dati_non_presi:284][39m , 87, high_clouds, z= -33987.4 y= 9537.9 x= 21832.8, 210419|03:46:37, -41.694104, -124.719514, lat: -25.06597-lon: -130.10147-city-name: Adamstown
[32m[I 210607 12:07:07 estrattore_di_dati_non_presi:284][39m , 88, high_clouds, z= -34142.5 y= 9768 x= 21359.7, 210419|03:47:15, -43.023201, -122.091790, lat: -25.06597-lon: -130.10147-city-name: Adamstown
[32m[I 210607 12:07:08 estrattore_di_dati_non_presi:284][39m , 89, high_clouds, z= -34142.5 y= 9981.4 x= 20954, 210419|03:47:51, -44.217234, -119.491824, lat: -27.15474-lon: -109.43241-city-name: Hanga Roa
[32m[I 210607 12:07:10 estrattore_di_dati_non_presi:284][39m , 90, high_clouds, z= -33974.4 y= 10192.9 x= 20571.1, 210419|03:48:30, -45.432943, -116.550498, lat: -27.15474-lon: -109.43241-city-name: Hanga Roa
[32m[I 210607 12:07:13 estrattore_di_dati_non_presi:284][39m , 91, high_clouds, z= 6988.5 y= 1033 x= 35182, 210419|04:23:16, 15.519400, 13.806331, lat: 14.24953-lon: 13.10921-city-name: Nguigmi
[32m[I 210607 12:07:14 estrattore_di_dati_non_presi:284][39m , 92, high_clouds, z= 10015.9 y= 1276.4 x= 35211.7, 210419|04:23:52, 17.292468, 15.223194, lat: 18.68532-lon: 12.91643-city-name: Bilma
[32m[I 210607 12:07:16 estrattore_di_dati_non_presi:284][39m , 93, high_clouds, z= 13256.2 y= 1516.3 x= 35054.4, 210419|04:24:31, 19.199283, 16.792659, lat: 21.35494-lon: 17.00121-city-name: Bardai
[32m[I 210607 12:07:18 estrattore_di_dati_non_presi:284][39m , 94, high_clouds, z= 16344.7 y= 1725.2 x= 34725.3, 210419|04:25:09, 21.041245, 18.360870, lat: 21.8375-lon: 17.4275-city-name: Aozou
[32m[I 210607 12:07:19 estrattore_di_dati_non_presi:284][39m , 95, other, z= 19262 y= 1904.2 x= 34253.7, 210419|04:25:46, 22.817599, 19.929254, lat: 21.8375-lon: 17.4275-city-name: Aozou
[32m[I 210607 12:07:21 estrattore_di_dati_non_presi:284][39m , 96, other, z= 22143.6 y= 2062.6 x= 33632.7, 210419|04:26:24, 24.622178, 21.587351, lat: 24.20487-lon: 23.2857-city-name: At Taj
[32m[I 210607 12:07:23 estrattore_di_dati_non_presi:284][39m , 97, low_clouds, z= 31441.7 y= 2441.8 x= 30528.8, 210419|04:28:43, 31.011456, 28.145453, lat: 30.83007-lon: 28.95502-city-name: Al `Alamayn
[32m[I 210607 12:07:25 estrattore_di_dati_non_presi:284][39m , 98, high_clouds, z= 33661.5 y= 2505.9 x= 29528.1, 210419|04:29:22, 32.731052, 30.150497, lat: 31.40444-lon: 30.41639-city-name: Rosetta
[32m[I 210607 12:07:27 estrattore_di_dati_non_presi:284][39m , 99, other, z= 35609.3 y= 2558.9 x= 28567.4, 210419|04:29:59, 34.326663, 32.130695, lat: 34.77679-lon: 32.42451-city-name: Paphos
[32m[I 210607 12:07:29 estrattore_di_dati_non_presi:284][39m , 100, high_clouds, z= 37410.2 y= 2610.1 x= 27614, 210419|04:30:36, 35.883779, 34.192784, lat: 35.59719-lon: 34.37916-city-name: Rizokarpaso
[32m[I 210607 12:07:31 estrattore_di_dati_non_presi:284][39m , 101, other, z= 39118.7 y= 2666.8 x= 26659, 210419|04:31:14, 37.438821, 36.402074, lat: 37.57757-lon: 36.35492-city-name: Andirin
[32m[I 210607 12:07:36 estrattore_di_dati_non_presi:284][39m , 102, high_clouds, z= 40659.4 y= 2731.2 x= 25765.2, 210419|04:31:51, 38.905635, 38.648328, lat: 38.94519-lon: 38.71198-city-name: Agin
[32m[I 210607 12:07:38 estrattore_di_dati_non_presi:284][39m , 103, high_clouds, z= 42170.8 y= 2812.7 x= 24871.7, 210419|04:32:30, 40.396143, 41.123971, lat: 40.48287-lon: 40.99557-city-name: Ispir
[32m[I 210607 12:07:39 estrattore_di_dati_non_presi:284][39m , 104, high_clouds, z= 43552.1 y= 2907.3 x= 24054.8, 210419|04:33:08, 41.788153, 43.648665, lat: 41.74972-lon: 43.5325-city-name: Bakuriani
[32m[I 210607 12:07:43 estrattore_di_dati_non_presi:284][39m , 105, high_clouds, z= 44828.8 y= 3012.4 x= 23312.6, 210419|04:33:45, 43.080885, 46.218732, lat: 43.10528-lon: 46.19045-city-name: Yalkhoy-Mokhk
[32m[I 210607 12:07:45 estrattore_di_dati_non_presi:284][39m , 106, high_clouds, z= 46119.8 y= 3132.3 x= 22586.1, 210419|04:34:24, 44.370364, 49.051683, lat: 44.54479-lon: 50.24629-city-name: Bautino
[32m[I 210607 12:07:46 estrattore_di_dati_non_presi:284][39m , 107, high_clouds, z= 47274.9 y= 3243.8 x= 21963.8, 210419|04:35:00, 45.488162, 51.782608, lat: 44.34678-lon: 51.34932-city-name: Taushyq
[32m[I 210607 12:07:48 estrattore_di_dati_non_presi:284][39m , 108, high_clouds, z= 48434.8 y= 3348.9 x= 21369.1, 210419|04:35:37, 46.558391, 54.706899, lat: 46.95307-lon: 54.01978-city-name: Qulsary
[32m[I 210607 12:07:50 estrattore_di_dati_non_presi:284][39m , 109, high_clouds, z= 49602 y= 3433.6 x= 20802.7, 210419|04:36:15, 47.568033, 57.833992, lat: 48.58022-lon: 57.18289-city-name: Shubarshi
[32m[I 210607 12:07:52 estrattore_di_dati_non_presi:284][39m , 110, high_clouds, z= 50684.6 y= 3478.3 x= 20305.9, 210419|04:36:51, 48.434688, 60.909940, lat: 48.61667-lon: 61.26667-city-name: Yrghyz
[32m[I 210607 12:07:54 estrattore_di_dati_non_presi:284][39m , 111, other, z= 51825.2 y= 3471.8 x= 19812.2, 210419|04:37:30, 49.268084, 64.361549, lat: 49.63389-lon: 63.49806-city-name: Torghay
[32m[I 210607 12:07:55 estrattore_di_dati_non_presi:284][39m , 112, other, z= 52892.2 y= 3395.8 x= 19379.8, 210419|04:38:08, 49.968035, 67.835786, lat: 50.24915-lon: 66.92027-city-name: Arkalyk
[32m[I 210607 12:07:57 estrattore_di_dati_non_presi:284][39m , 113, other, z= 53872.6 y= 3244.1 x= 19012.1, 210419|04:38:45, 50.537434, 71.313083, lat: 50.26212-lon: 71.54839-city-name: Kievka
[32m[I 210607 12:07:59 estrattore_di_dati_non_presi:284][39m , 114, high_clouds, z= 54799.1 y= 3000.2 x= 18699.4, 210419|04:39:23, 51.001774, 74.967152, lat: 50.79304-lon: 75.70123-city-name: Bayanauyl
[32m[I 210607 12:08:01 estrattore_di_dati_non_presi:284][39m , 115, other, z= 55601.4 y= 2673.5 x= 18470, 210419|04:40:00, 51.332355, 78.589161, lat: 50.75617-lon: 78.54188-city-name: Kurchatov
[32m[I 210607 12:08:03 estrattore_di_dati_non_presi:284][39m , 116, high_clouds, z= 56283.1 y= 2260.4 x= 18327.3, 210419|04:40:37, 51.539812, 82.255784, lat: 51.15776-lon: 82.19534-city-name: Zmeinogorsk
[32m[I 210607 12:08:04 estrattore_di_dati_non_presi:284][39m , 117, high_clouds, z= 56835 y= 1753 x= 18283.4, 210419|04:41:15, 51.622570, 86.046744, lat: 51.46083-lon: 86.02194-city-name: Elekmonar
[32m[I 210607 12:08:06 estrattore_di_dati_non_presi:284][39m , 118, high_clouds, z= 57208 y= 1189.1 x= 18351.2, 210419|04:41:52, 51.575448, 89.740906, lat: 51.01398-lon: 90.20535-city-name: Teeli
[32m[I 210607 12:08:08 estrattore_di_dati_non_presi:284][39m , 119, low_clouds, z= 57403.8 y= 553.9 x= 18541.7, 210419|04:42:30, 51.396395, 93.515419, lat: 51.13294-lon: 93.71286-city-name: Khovu-Aksy
[32m[I 210607 12:08:10 estrattore_di_dati_non_presi:284][39m , 120, low_clouds, z= 57391.5 y= -137.6 x= 18868.6, 210419|04:43:09, 51.076920, 97.345652, lat: 50.59944-lon: 97.52278-city-name: Kungurtug
[32m[I 210607 12:08:12 estrattore_di_dati_non_presi:284][39m , 121, low_clouds, z= 57169.3 y= -810.7 x= 19300.7, 210419|04:43:46, 50.649821, 100.918661, lat: 50.47278-lon: 100.92778-city-name: Undur Sume
[32m[I 210607 12:08:14 estrattore_di_dati_non_presi:284][39m , 122, low_clouds, z= 56720.4 y= -1498.7 x= 19862.5, 210419|04:44:24, 50.089732, 104.508752, lat: 50.31556-lon: 105.04583-city-name: Dzelter
[32m[I 210607 12:08:16 estrattore_di_dati_non_presi:284][39m , 123, low_clouds, z= 56065.2 y= -2146.1 x= 20515, 210419|04:45:01, 49.431069, 107.912624, lat: 49.77594-lon: 107.51616-city-name: Bulagtay
[32m[I 210607 12:08:18 estrattore_di_dati_non_presi:284][39m , 124, high_clouds, z= 55195.4 y= -2753.5 x= 21258.7, 210419|04:45:38, 48.666133, 111.214707, lat: 48.55-lon: 111.08333-city-name: Bayan
[32m[I 210607 12:08:21 estrattore_di_dati_non_presi:284][39m , 125, high_clouds, z= 54050.7 y= -3333.2 x= 22124, 210419|04:46:17, 47.751365, 114.576034, lat: 48.07257-lon: 114.53264-city-name: Choibalsan
[32m[I 210607 12:08:23 estrattore_di_dati_non_presi:284][39m , 126, high_clouds, z= 52793.4 y= -3799.4 x= 22979.3, 210419|04:46:53, 46.814349, 117.564768, lat: 46.18333-lon: 118.3-city-name: Eren Gobi
[32m[I 210607 12:08:26 estrattore_di_dati_non_presi:284][39m , 127, high_clouds, z= 51225.5 y= -4217.4 x= 23946, 210419|04:47:32, 45.705871, 120.675878, lat: 45.55-lon: 120.86667-city-name: Tule Mod
[32m[I 210607 12:08:27 estrattore_di_dati_non_presi:284][39m , 128, high_clouds, z= 49506.3 y= -4528.1 x= 24906.3, 210419|04:48:10, 44.539281, 123.579828, lat: 44.11972-lon: 123.30472-city-name: Baokang
[32m[I 210607 12:08:29 estrattore_di_dati_non_presi:284][39m , 129, other, z= 47667.6 y= -4732.6 x= 25837.9, 210419|04:48:47, 43.327746, 126.287862, lat: 43.29194-lon: 126.00944-city-name: Yantongshan
[32m[I 210607 12:08:31 estrattore_di_dati_non_presi:284][39m , 130, low_clouds, z= 45629.8 y= -4838.2 x= 26771.1, 210419|04:49:25, 42.012074, 128.949245, lat: 42.09339-lon: 128.99946-city-name: Chongshan
[32m[I 210607 12:08:33 estrattore_di_dati_non_presi:284][39m , 131, low_clouds, z= 43463.2 y= -4837.2 x= 27661.5, 210419|04:50:03, 40.630125, 131.493436, lat: 41.43389-lon: 129.67-city-name: Hoemul-li
[32m[I 210607 12:08:36 estrattore_di_dati_non_presi:284][39m , 132, other, z= 41253.3 y= -4735.7 x= 28471.6, 210419|04:50:40, 39.226360, 133.862938, lat: 42.73021-lon: 133.08322-city-name: Vrangel'
[32m[I 210607 12:08:38 estrattore_di_dati_non_presi:284][39m , 133, other, z= 38843.2 y= -4526.5 x= 29251.1, 210419|04:51:19, 37.690101, 136.251428, lat: 37.05-lon: 136.96667-city-name: Nanao
[32m[I 210607 12:08:40 estrattore_di_dati_non_presi:284][39m , 134, other, z= 36505.2 y= -4237.8 x= 29911, 210419|04:51:56, 36.183750, 138.419849, lat: 36.21667-lon: 138.48333-city-name: Saku
[32m[I 210607 12:08:42 estrattore_di_dati_non_presi:284][39m , 135, other, z= 34077 y= -3859.3 x= 30502.4, 210419|04:52:34, 34.591732, 140.554310, lat: 35.14297-lon: 140.31388-city-name: Katsuura
[32m[I 210607 12:08:43 estrattore_di_dati_non_presi:284][39m , 136, other, z= 31644.9 y= -3408.5 x= 31005.3, 210419|04:53:12, 32.958395, 142.601304, lat: 35.14297-lon: 140.31388-city-name: Katsuura
[32m[I 210607 12:08:45 estrattore_di_dati_non_presi:284][39m , 137, high_clouds, z= 29356.7 y= -2925.8 x= 31402.3, 210419|04:53:48, 31.376479, 144.465673, lat: 35.14297-lon: 140.31388-city-name: Katsuura
[32m[I 210607 12:08:47 estrattore_di_dati_non_presi:284][39m , 138, high_clouds, z= 26913.6 y= -2354.3 x= 31751.6, 210419|04:54:27, 29.628432, 146.409435, lat: 35.14297-lon: 140.31388-city-name: Katsuura
[32m[I 210607 12:08:49 estrattore_di_dati_non_presi:284][39m , 139, other, z= 24583.5 y= -1761.7 x= 32020.6, 210419|04:55:05, 27.894235, 148.233437, lat: 35.14297-lon: 140.31388-city-name: Katsuura
[32m[I 210607 12:08:50 estrattore_di_dati_non_presi:284][39m , 140, other, z= 22431.3 y= -1178.9 x= 32220.9, 210419|04:55:41, 26.225908, 149.903104, lat: 15.21233-lon: 145.7545-city-name: Saipan
[32m[I 210607 12:08:52 estrattore_di_dati_non_presi:284][39m , 141, other, z= 20166.4 y= -535.8 x= 32391.3, 210419|04:56:20, 24.393486, 151.653450, lat: 15.21233-lon: 145.7545-city-name: Saipan
[32m[I 210607 12:08:54 estrattore_di_dati_non_presi:284][39m , 142, low_clouds, z= 18083.3 y= 75.7 x= 32521.2, 210419|04:56:57, 22.633415, 153.262956, lat: 15.21233-lon: 145.7545-city-name: Saipan
[32m[I 210607 12:08:55 estrattore_di_dati_non_presi:284][39m , 143, low_clouds, z= 16062.2 y= 679.7 x= 32632.6, 210419|04:57:34, 20.854547, 154.827493, lat: 15.21233-lon: 145.7545-city-name: Saipan
[32m[I 210607 12:08:57 estrattore_di_dati_non_presi:284][39m , 144, high_clouds, z= 13992.7 y= 1300 x= 32742.5, 210419|04:58:13, 18.961435, 156.432861, lat: 11.34735-lon: 162.33733-city-name: Enewetak
[32m[I 210607 12:08:59 estrattore_di_dati_non_presi:284][39m , 145, high_clouds, z= 12078.3 y= 1866.4 x= 32849.6, 210419|04:58:50, 17.150243, 157.918864, lat: 11.34735-lon: 162.33733-city-name: Enewetak
[32m[I 210607 12:09:01 estrattore_di_dati_non_presi:284][39m , 146, other, z= 10049.6 y= 2448.4 x= 32977.4, 210419|04:59:30, 15.177681, 159.489562, lat: 11.34735-lon: 162.33733-city-name: Enewetak
[32m[I 210607 12:09:03 estrattore_di_dati_non_presi:284][39m , 147, other, z= 8147.5 y= 2967.6 x= 33115.2, 210419|05:00:08, 13.291648, 160.951673, lat: 11.34735-lon: 162.33733-city-name: Enewetak
[32m[I 210607 12:09:04 estrattore_di_dati_non_presi:284][39m , 148, high_clouds, z= 6305 y= 3438.4 x= 33266.4, 210419|05:00:45, 11.445573, 162.351069, lat: 11.34735-lon: 162.33733-city-name: Enewetak
[32m[I 210607 12:09:06 estrattore_di_dati_non_presi:284][39m , 149, high_clouds, z= 4358 y= 3895.6 x= 33442.1, 210419|05:01:24, 9.491037, 163.804219, lat: 8.93218-lon: 165.76416-city-name: Ujae
[32m[I 210607 12:09:07 estrattore_di_dati_non_presi:284][39m , 150, low_clouds, z= 2442.3 y= 4301.3 x= 33623.8, 210419|05:02:02, 7.579617, 165.202332, lat: 8.93218-lon: 165.76416-city-name: Ujae
[32m[I 210607 12:09:09 estrattore_di_dati_non_presi:284][39m , 151, low_clouds, z= 496.1 y= 4668 x= 33807.3, 210419|05:02:40, 5.662785, 166.586565, lat: 5.59944-lon: 168.10282-city-name: Namdrik
[32m[I 210607 12:09:10 estrattore_di_dati_non_presi:284][39m , 152, low_clouds, z= -1542.4 y= 5005 x= 33985.7, 210419|05:03:19, 3.691389, 167.996549, lat: 4.58199-lon: 168.69636-city-name: Ebon
[32m[I 210607 12:09:13 estrattore_di_dati_non_presi:284][39m , 153, low_clouds, z= -3520.4 y= 5290.2 x= 34132.7, 210419|05:03:56, 1.818595, 169.327630, lat: 4.58199-lon: 168.69636-city-name: Ebon
[32m[I 210607 12:09:15 estrattore_di_dati_non_presi:284][39m , 154, low_clouds, z= -5597.7 y= 5551 x= 34247.2, 210419|05:04:34, -0.105982, 170.691441, lat: 1.35797-lon: 172.92105-city-name: Betio Village
[32m[I 210607 12:09:16 estrattore_di_dati_non_presi:284][39m , 155, low_clouds, z= -7774.9 y= 5789.2 x= 34311.1, 210419|05:05:13, -2.081013, 172.091274, lat: 1.3278-lon: 172.97696-city-name: Tarawa
[32m[I 210607 12:09:18 estrattore_di_dati_non_presi:284][39m , 156, high_clouds, z= -9875.5 y= 5991.7 x= 34308.5, 210419|05:05:50, -3.953249, 173.422820, lat: -6.28764-lon: 176.31472-city-name: Toga Village
[32m[I 210607 12:09:21 estrattore_di_dati_non_presi:284][39m , 157, high_clouds, z= -12114.7 y= 6185.6 x= 34227.5, 210419|05:06:29, -5.923666, 174.833609, lat: -6.28764-lon: 176.31472-city-name: Toga Village
[32m[I 210607 12:09:23 estrattore_di_dati_non_presi:284][39m , 158, high_clouds, z= -14306.1 y= 6360.2 x= 34062.3, 210419|05:07:07, -7.839156, 176.218963, lat: -7.24562-lon: 177.14511-city-name: Tanrake Village
[32m[I 210607 12:09:26 estrattore_di_dati_non_presi:284][39m , 159, low_clouds, z= -16489.4 y= 6525.3 x= 33807, 210419|05:07:45, -9.748849, 177.618496, lat: -8.02731-lon: 178.31351-city-name: Savave Village
[32m[I 210607 12:09:28 estrattore_di_dati_non_presi:284][39m , 160, low_clouds, z= -18702 y= 6689.6 x= 33449.8, 210419|05:08:24, -11.701210, 179.073476, lat: -12.5-lon: 177.05-city-name: Ahau
[32m[I 210607 12:09:30 estrattore_di_dati_non_presi:284][39m , 161, high_clouds, z= -20756.1 y= 6844.2 x= 33024.2, 210419|05:09:01, -13.544844, -179.525088, lat: -14.29034-lon: -178.16551-city-name: Sigave
[32m[I 210607 12:09:33 estrattore_di_dati_non_presi:284][39m , 162, high_clouds, z= -22749 y= 7000.5 x= 32519.5, 210419|05:09:38, -15.378576, -178.099450, lat: -14.31096-lon: -178.11094-city-name: Alo
[32m[I 210607 12:09:35 estrattore_di_dati_non_presi:284][39m , 163, high_clouds, z= -24817 y= 7173.7 x= 31894.6, 210419|05:10:18, -17.348030, -176.526676, lat: -18.65-lon: -173.98333-city-name: Neiafu
[32m[I 210607 12:09:37 estrattore_di_dati_non_presi:284][39m , 164, high_clouds, z= -26635.5 y= 7339.2 x= 31254, 210419|05:10:55, -19.156005, -175.038528, lat: -19.81468-lon: -174.35423-city-name: Pangai
[32m[I 210607 12:09:39 estrattore_di_dati_non_presi:284][39m , 165, high_clouds, z= -28442.3 y= 7519.7 x= 30527.1, 210419|05:11:34, -21.045363, -173.430661, lat: -19.81468-lon: -174.35423-city-name: Pangai
[32m[I 210607 12:09:41 estrattore_di_dati_non_presi:284][39m , 166, high_clouds, z= -30085.5 y= 7701.1 x= 29781.3, 210419|05:12:12, -22.868049, -171.820539, lat: -21.33333-lon: -174.95-city-name: `Ohonua
[32m[I 210607 12:09:42 estrattore_di_dati_non_presi:284][39m , 167, high_clouds, z= -31569 y= 7882 x= 29032.4, 210419|05:12:49, -24.623341, -170.206907, lat: -19.05952-lon: -169.91867-city-name: Alofi
[32m[I 210607 12:09:44 estrattore_di_dati_non_presi:284][39m , 168, low_clouds, z= -33005.8 y= 8075.6 x= 28231.8, 210419|05:13:28, -26.450297, -168.451822, lat: -19.05952-lon: -169.91867-city-name: Alofi
[32m[I 210607 12:09:46 estrattore_di_dati_non_presi:284][39m , 169, low_clouds, z= -34280.3 y= 8265.2 x= 27452.5, 210419|05:14:06, -28.204853, -166.682775, lat: -19.05952-lon: -169.91867-city-name: Alofi
[32m[I 210607 12:09:48 estrattore_di_dati_non_presi:284][39m , 170, low_clouds, z= -35433.1 y= 8453.3 x= 26684.2, 210419|05:14:44, -29.931334, -164.849921, lat: -21.20778-lon: -159.775-city-name: Avarua
[32m[I 210607 12:09:50 estrattore_di_dati_non_presi:284][39m , 171, low_clouds, z= -36467.9 y= 8637.9 x= 25935.5, 210419|05:15:22, -31.626668, -162.947413, lat: -21.20778-lon: -159.775-city-name: Avarua
[32m[I 210607 12:09:52 estrattore_di_dati_non_presi:284][39m , 172, low_clouds, z= -37389.5 y= 8817 x= 25213.2, 210419|05:16:00, -33.287504, -160.969227, lat: -21.20778-lon: -159.775-city-name: Avarua
[32m[I 210607 12:09:53 estrattore_di_dati_non_presi:284][39m , 173, low_clouds, z= -38183.1 y= 8985 x= 24539.9, 210419|05:16:37, -34.868024, -158.964429, lat: -21.20778-lon: -159.775-city-name: Avarua
[32m[I 210607 12:09:55 estrattore_di_dati_non_presi:284][39m , 174, low_clouds, z= -38914.5 y= 9154.5 x= 23865.9, 210419|05:17:16, -36.490801, -156.760751, lat: -22.45133-lon: -151.34191-city-name: Moerai
[32m[I 210607 12:09:56 estrattore_di_dati_non_presi:284][39m , 175, high_clouds, z= -39513 y= 9308.8 x= 23261.9, 210419|05:17:53, -37.985247, -154.578041, lat: -22.45133-lon: -151.34191-city-name: Moerai
[32m[I 210607 12:09:58 estrattore_di_dati_non_presi:284][39m , 176, high_clouds, z= -40034.2 y= 9462.2 x= 22678.2, 210419|05:18:31, -39.469751, -152.236830, lat: -22.45133-lon: -151.34191-city-name: Moerai
[32m[I 210607 12:10:00 estrattore_di_dati_non_presi:284][39m , 177, high_clouds, z= -40462.2 y= 9613 x= 22131.6, 210419|05:19:09, -40.898264, -149.788767, lat: -22.45133-lon: -151.34191-city-name: Moerai
[32m[I 210607 12:10:01 estrattore_di_dati_non_presi:284][39m , 178, high_clouds, z= -40788.1 y= 9760.4 x= 21634.8, 210419|05:19:46, -42.230223, -147.297073, lat: -22.45133-lon: -151.34191-city-name: Moerai
[32m[I 210607 12:10:03 estrattore_di_dati_non_presi:284][39m , 179, high_clouds, z= -41030.7 y= 9920.1 x= 21149, 210419|05:20:25, -43.565262, -144.550176, lat: -22.45133-lon: -151.34191-city-name: Moerai
[32m[I 210607 12:10:05 estrattore_di_dati_non_presi:284][39m , 180, high_clouds, z= -41160.4 y= 10083 x= 20713.9, 210419|05:21:03, -44.791827, -141.750686, lat: -23.12028-lon: -134.96917-city-name: Rikitea
[32m[I 210607 12:10:06 estrattore_di_dati_non_presi:284][39m , 181, high_clouds, z= -41176.7 y= 10250.5 x= 20328.8, 210419|05:21:40, -45.909523, -138.905598, lat: -25.06597-lon: -130.10147-city-name: Adamstown
